{
  "installed":
    {
      "client_id":"850526401774-e97hb9k8o6o9qrtrmahksgbhiq8f8l7s.apps.googleusercontent.com",
      "project_id":"decisive-octane-187810",
      "auth_uri":"https://accounts.google.com/o/oauth2/auth",
      "token_uri":"https://accounts.google.com/o/oauth2/token",
      "auth_provider_x509_cert_url":"https://www.googleapis.com/oauth2/v1/certs",
      "client_secret":"N0SaHnE0a7gXpHcYZkPtXc25",
      "redirect_uris":["urn:ietf:wg:oauth:2.0:oob","http://localhost"]
    }
}